municipality,canton
קרית טבעון,0
סאג'ור,0
ראמה,0
טובא-זנגריה,0
ע'ג'ר,0
טבריה,0
מעלה יוסף,0
פסוטה,0
יאנוח - ג'ת,0
חיפה,0
עילבון,0
יקנעם עילית,0
חדרה,0
אלונה,0
נשר,0
הגלבוע,0
פקיעין (בוקייעה),0
עכו,0
רמת ישי,0
עין קיניה,0
עמק יזרעאל,0
אליכין,0
עמק המעיינות,0
חורפיש,0
ג'וליס,0
פרדס חנה - כרכור,0
זבולון,0
מנשה,0
הגליל העליון,0
כפר כמא,0
מגידו,0
קרית אתא,0
מגדל העמק,0
עפולה,0
מרום הגליל,0
משגב,0
צפת,0
קצרין,0
כפר תבור,0
אור עקיבא,0
מטה אשר,0
הגליל התחתון,0
כרמיאל,0
שלומי,0
מסעדה,0
קרית שמונה,0
קרית ביאליק,0
גולן,0
מבואות החרמון,0
אבו סנאן,0
בית שאן,0
מטולה,0
בוקעאתא,0
עמק הירדן,0
גוש חלב (ג'יש),0
חריש,0
כעביה - טבאש - חג'אג'רה,0
קרית מוצקין,0
יסוד המעלה,0
חצור הגלילית,0
מג'אר,0
קרית ים,0
כפר ורדים,0
זכרון יעקב,0
יבנאל,0
מג'דל שמס,0
בנימינה - גבעת עדה,0
ירכא,0
מעלות-תרשיחא,0
טירת כרמל,0
חוף הכרמל,0
נהריה,0
מגדל,0
ראש פינה,0
זרזיר,0
כסרא - סמיע,0
ירוחם,1
רמלה,1
אופקים,1
בית ג'ן,1
פרדסיה,1
אלעד,1
בני שמעון,1
אבן יהודה,1
נתניה,1
בני ברק,1
עומר,1
גבעת שמואל,1
אשדוד,1
שהם,1
אור יהודה,1
שער הנגב,1
רמת נגב,1
חוף השרון,1
רמת השרון,1
שדרות,1
להבים,1
בת ים,1
קדימה - צורן,1
הרצליה,1
ראשון לציון,1
הוד השרון,1
קרית יערים,1
לב השרון,1
נתיבות,1
גן יבנה,1
מודיעין-מכבים-רעות,1
חבל אילות,1
מטה יהודה,1
שפיר,1
ראש העין,1
גבעתיים,1
ערד,1
גן רוה,1
פתח תקווה,1
מזכרת בתיה,1
ברנר,1
באר יעקב,1
רחובות,1
גזר,1
באר טוביה,1
לכיש,1
דרום השרון,1
עמק חפר,1
מבשרת ציון,1
אילת,1
ירושלים,1
תל אביב -יפו,1
קרית עקרון,1
חולון,1
יואב,1
כפר סבא,1
כוכב יאיר,1
"בני עי""ש",1
גדרה,1
רמת גן,1
נס ציונה,1
מצפה רמון,1
תל מונד,1
אזור,1
כפר יונה,1
קרית גת,1
באר שבע,1
דימונה,1
יבנה,1
קרית מלאכי,1
מרחבים,1
גדרות,1
לוד,1
נחל שורק,1
דאלית אל-כרמל,1
יהוד -מונסון,1
קרית אונו,1
שדות נגב,1
תמר,1
הערבה התיכונה,1
עוספייא,1
חבל יבנה,1
רעננה,1
סביון,1
אשכול,1
כפר שמריהו,1
מיתר,1
חבל מודיעין,1
בית שמש,1
גני תקווה,1
אשקלון,1
בית דגן,1
חוף אשקלון,1
רכסים,1
שעב,2
משהד,2
ריינה,2
לקיה,2
שגב שלום,2
יפיע,2
ג'דיידה-מכר,2
כאבול,2
טורעאן,2
אעבלין,2
בועיינה-נוג'ידאת,2
דיר אל-אסד,2
כאוכב אבו אל-היג'א,2
מעיליא,2
שפרעם,2
"בסמ""ה",2
כפר קרע,2
טמרה,2
ביר אל-מכסור,2
אל-בטוף,2
בוסתאן אל-מרג',2
כפר כנא,2
כפר ברא,2
נווה מדבר,2
כסייפה,2
נצרת,2
עין מאהל,2
ג'ת,2
אכסאל,2
טייבה,2
בענה,2
ערערה,2
מעלה עירון,2
רהט,2
עילוט,2
חורה,2
כפר קאסם,2
ערערה בנגב,2
זמר,2
פוריידיס,2
ג'סר א-זרקא,2
כפר מנדא,2
תל שבע,2
כפר יאסיף,2
ג'לג'וליה,2
אל קסום,2
דיר חנא,2
טירה,2
נחף,2
מג'ד אל-כרום,2
דבוריה,2
אום אל-פחם,2
בסמת טבעון,2
קלנסווה,2
באקה אל גרבייה,2
עראבה,2
סח'נין,2
מזרעה,2
אבו גוש,2
